CB1,US Cases,Total covid-19 cases in the United States on the menioned date
CB2,US Deaths,Total deaths due to covid-19 in the United States on the menioned date
CB3,County,Names of United States Counties
CB4,County Code,FIPS Codes uniquely identifying United States counties
CB5,County Cases,Covid-19 cases in each United States county on the mentioned date
CB6,County Deaths,Deaths due to Covid-19 in each United States county on the mentioned date
CB7,State,Names of United States States
CB8,State Code,FIPS Codes uniquely identifying United States states
CB9,State Cases,Covid-19 cases in each United States state on the mentioned date
CB10,State Deaths,Deaths due to Covid-19 in each United States state on the mentioned date
CB11,City,Names of United States Cities
CB12,City Code,FIPS Codes uniquely identifying United States cities
CB13,University,Names of United States Universities
CB14,University IPEDS ID,IPEDS ID uniquely identifying universities in the United States
CB15,University Cases,Total number of covid-19 cases until the date mentioned at the university level
CB16,Mask Use Never,Percentage of people that never use mask in a county
CB17,Mask Use Rarely,Percentage of people that rarely use mask in a county
CB18,Mask Use Sometimes,Percentage of people that sometimes use mask in a county
CB19,Mask Use Frequently,Percentage of people that frequesntly use mask in a county
CB20,Mask Use Always,Percentage of people that always use mask in a county
CB21,Date,Date of a perticular record
MB1,Actors name,"Actor 1 , Actor 2, Actor 3 names"
MB2,Color,Print of the movie: BW or color
MB3,Director name,Director's name
MB4,Duration,Duration of the movie
MB5,Director Facebook Likes,Facebook likes of the director
MB6,Actor likes,Avg of Facebook likes of each actor
MB7,Gross,Gross profit of the movie
MB8,Genres,Genre of the movie
MB9,Title,Name of the movie
MB10,Language,Language of the movie
MB11,Country,Country of the movie
MB12,Imdb Score,Imdb score of the movie
MB13,Movie Facebook Likes,Facebook likes of the movie
VB1,Game ID,Unique Game id
VB2,Name,Name of the Game
VB3,Platform,Name of Platform on which Game is released
VB4,Release Year,Year of game release
VB5,Genre,"Genre of Game (like: Racing, Shooter, Puzzle)"
VB6,Publisher,Name of the Publisher of Game
VB7,Critic Score,Average score given by critics to game
VB8,Critic Count,Number of critics who reviewed the game
VB9,User Score,Average score given by users to game
VB10,User Count,Number of users who reviewed the game
VB11,Developer,Name of the Developer of Game
VB12,Game Rating,"Rating given to the game (like: E- Everyone, M-Mature 17 years and older)"
VB13,EU Sales,Video Game Sales from Europe
VB14,JP Sales,Video Game Sales from Japan
VB15,NA Sales,Video Game Sales from North America
