CT1,Covid-19,RelType,type,STRING,False,False,False
CT2,Covid-19,RelType,properties,LIST,False,False,False
CT3,Covid-19,City,city_code,INTEGER,True,False,False
CT4,Covid-19,City,city,STRING,False,False,False
CT5,Covid-19,Metagraph,type,STRING,False,False,False
CT6,Covid-19,Metagraph,properties,LIST,False,False,False
CT7,Covid-19,Metagraph,labels,LIST,False,False,False
CT8,Covid-19,County,county,STRING,False,False,False
CT9,Covid-19,County,county_code,INTEGER,True,False,False
CT10,Covid-19,State,state_code,INTEGER,True,False,False
CT11,Covid-19,State,state,STRING,False,False,False
CT12,Covid-19,NodeType,properties,LIST,False,False,False
CT13,Covid-19,NodeType,labels,LIST,False,False,False
CT14,Covid-19,College,college,STRING,False,False,False
CT15,Covid-19,College,ipeds_id,INTEGER,True,True,False
CT16,Covid-19,College,date,STRING,False,False,False
CT17,Covid-19,College,cases,INTEGER,False,False,False
CT18,Covid-19,Cases,date,STRING,True,False,False
CT19,Covid-19,Cases,cases,INTEGER,False,False,False
MT1,Movie,Movie,Movie_likes,STRING,False,False,False
MT2,Movie,Movie,Language,STRING,False,False,False
MT3,Movie,Movie,Title,STRING,False,False,False
MT4,Movie,Movie,Gross,STRING,False,False,False
MT5,Movie,Movie,Duration,STRING,False,False,False
MT6,Movie,Movie,Genres,STRING,False,False,False
MT7,Movie,RelType,type,STRING,False,False,False
MT8,Movie,RelType,properties,LIST,False,False,False
MT9,Movie,Color,Color,STRING,False,False,False
MT10,Movie,Director,Director_likes,STRING,False,False,False
MT11,Movie,Director,Director_name,STRING,False,False,False
MT12,Movie,Metagraph,type,STRING,False,False,False
MT13,Movie,Metagraph,properties,LIST,False,False,False
MT14,Movie,Metagraph,labels,LIST,False,False,False
MT15,Movie,Score,IMDB_score,STRING,False,False,False
MT16,Movie,Actor,Actor_likes,STRING,False,False,False
MT17,Movie,Actor,Actor_name,STRING,False,False,False
MT18,Movie,NodeType,properties,LIST,False,False,False
MT19,Movie,NodeType,labels,LIST,False,False,False
MT20,Movie,Country,Country,STRING,False,False,False
VT1,Video Game,RelType,type,STRING,False,False,False
VT2,Video Game,RelType,properties,LIST,False,False,False
VT3,Video Game,Platform,platform_id,STRING,True,True,False
VT4,Video Game,Platform,platform,STRING,False,False,False
VT5,Video Game,Rating,rating_id,STRING,True,True,False
VT6,Video Game,Rating,rating,STRING,False,False,False
VT7,Video Game,Developer,developer_id,STRING,True,True,False
VT8,Video Game,Developer,developer,STRING,False,False,False
VT9,Video Game,Publisher,publisher_id,STRING,True,True,False
VT10,Video Game,Publisher,publisher,STRING,False,False,False
VT11,Video Game,Metagraph,type,STRING,False,False,False
VT12,Video Game,Metagraph,properties,LIST,False,False,False
VT13,Video Game,Metagraph,labels,LIST,False,False,False
VT14,Video Game,Game,game_name,STRING,False,False,False
VT15,Video Game,Game,EU_Sales,FLOAT,False,False,False
VT16,Video Game,Game,User_Score,FLOAT,False,False,False
VT17,Video Game,Game,User_Count,INTEGER,False,False,False
VT18,Video Game,Game,JP_Sales,FLOAT,False,False,False
VT19,Video Game,Game,Critic_Count,INTEGER,False,False,False
VT20,Video Game,Game,Global_Sales,FLOAT,False,False,False
VT21,Video Game,Game,NA_Sales,FLOAT,False,False,False
VT22,Video Game,Game,Other_Sales,FLOAT,False,False,False
VT23,Video Game,Game,Critic_Score,INTEGER,False,False,False
VT24,Video Game,Game,game_id,INTEGER,True,True,False
VT25,Video Game,NodeType,properties,LIST,False,False,False
VT26,Video Game,NodeType,labels,LIST,False,False,False
VT27,Video Game,Genre,genre,STRING,False,False,False
VT28,Video Game,Genre,genre_id,STRING,True,True,False
VT29,Video Game,Year_Released,year_id,STRING,True,True,False
VT30,Video Game,Year_Released,year_released,INTEGER,False,False,False
